﻿<parameters>
  <parameter name="IIS Web Application Name" defaultValue="Default Web Site/DeviceEmulator_deploy" tags="IisApp">
    <parameterEntry kind="ProviderPath" scope="IisApp" match="^D:\\lods\\ChallengeSeries3-IoT\\deviceSimulator\\DeviceEmulator\\obj\\Release\\Package\\PackageTmp$" />
    <parameterEntry kind="ProviderPath" scope="setAcl" match="^D:\\lods\\ChallengeSeries3-IoT\\deviceSimulator\\DeviceEmulator\\obj\\Release\\Package\\PackageTmp$" />
  </parameter>
  <parameter name="eventHubConnectionString-Web.config Connection String" defaultValue="xxx">
    <parameterEntry kind="XmlFile" scope="D:\\lods\\ChallengeSeries3-IoT\\deviceSimulator\\DeviceEmulator\\obj\\Release\\Package\\PackageTmp\\Web\.config$" match="/configuration/connectionStrings/add[@name='eventHubConnectionString']/@connectionString" />
  </parameter>
  <parameter name="eventHubStorage-Web.config Connection String" defaultValue="xxx">
    <parameterEntry kind="XmlFile" scope="D:\\lods\\ChallengeSeries3-IoT\\deviceSimulator\\DeviceEmulator\\obj\\Release\\Package\\PackageTmp\\Web\.config$" match="/configuration/connectionStrings/add[@name='eventHubStorage']/@connectionString" />
  </parameter>
  <parameter name="iotHubConnectionString-Web.config Connection String" defaultValue="xxx">
    <parameterEntry kind="XmlFile" scope="D:\\lods\\ChallengeSeries3-IoT\\deviceSimulator\\DeviceEmulator\\obj\\Release\\Package\\PackageTmp\\Web\.config$" match="/configuration/connectionStrings/add[@name='iotHubConnectionString']/@connectionString" />
  </parameter>
</parameters>