﻿<parameters>
  <parameter name="IIS Web Application Name" defaultValue="DeviceEmulator" tags="IisApp">
    <parameterEntry kind="ProviderPath" scope="IisApp" match="^D:\\lods\\ChallengeSeries3-IoT\\deviceSimulator\\DeviceEmulator\\obj\\Release\\Package\\PackageTmp$" />
    <parameterEntry kind="ProviderPath" scope="setAcl" match="^D:\\lods\\ChallengeSeries3-IoT\\deviceSimulator\\DeviceEmulator\\obj\\Release\\Package\\PackageTmp$" />
  </parameter>
  <parameter name="eventHubConnectionString-Web.config Connection String" defaultValue="Endpoint=sb://iothub-ns-tswiot-623489-9a13e2750e.servicebus.windows.net/;SharedAccessKeyName=iothubowner;SharedAccessKey=jFTN09fGs7jyNQ8D16H+WokJXE1zHJB6djlPdzJa27M=">
    <parameterEntry kind="XmlFile" scope="D:\\lods\\ChallengeSeries3-IoT\\deviceSimulator\\DeviceEmulator\\obj\\Release\\Package\\PackageTmp\\Web\.config$" match="/configuration/connectionStrings/add[@name='eventHubConnectionString']/@connectionString" />
  </parameter>
  <parameter name="eventHubStorage-Web.config Connection String" defaultValue="DefaultEndpointsProtocol=https;AccountName=tswstowit;AccountKey=AnvV61gUCrU2pLG+WLFgvcGLgPzIX3nkLXIKwRlFPfCGZq7zBMhEr1gmHeMfAENie1drgHymUe3xXpFTtb0XHw==;EndpointSuffix=core.windows.net">
    <parameterEntry kind="XmlFile" scope="D:\\lods\\ChallengeSeries3-IoT\\deviceSimulator\\DeviceEmulator\\obj\\Release\\Package\\PackageTmp\\Web\.config$" match="/configuration/connectionStrings/add[@name='eventHubStorage']/@connectionString" />
  </parameter>
  <parameter name="iotHubConnectionString-Web.config Connection String" defaultValue="HostName=tswiot.azure-devices.net;SharedAccessKeyName=iothubowner;SharedAccessKey=jFTN09fGs7jyNQ8D16H+WokJXE1zHJB6djlPdzJa27M=">
    <parameterEntry kind="XmlFile" scope="D:\\lods\\ChallengeSeries3-IoT\\deviceSimulator\\DeviceEmulator\\obj\\Release\\Package\\PackageTmp\\Web\.config$" match="/configuration/connectionStrings/add[@name='iotHubConnectionString']/@connectionString" />
  </parameter>
</parameters>